{
  "meanRR": 756.8592816235059,
  "meanHR": 79.2749741686415,
  "sdnn": 30.263094035259332,
  "sdsd": 19.020096553202222,
  "rmssd": 18.982727230444755,
  "pnn20": 28.8,
  "vlfp": 61.16665107900273,
  "lfp": 19.67442262804304,
  "hfp": 19.15892629295423,
  "vlf": 369.2847896464328,
  "lf": 118.7814747651924,
  "hf": 115.66924036444186,
  "lfhfratio": 1.0269063269625074,
  "totalPower": 603.735504776067
}